code,title,priority,cities,sector,focuses,description
1,Bau von Windenergieanlagen ermöglichen und unterstützen,3,"Kaiserslautern, Bremen, Bad Hersfeld, Kernen im Remstal, Öhringen, Freiburg, Mainz, Markdorf, Aachen, Hansestadt Lüneburg, Bayreuth",Strom,"THG-Einsparpotenzial, Wirtschaftlichkeit, Einfache Umsetzung, Kommune als Vorbild, Akzeptanzförderung, Multiplikatoreffekt, Benefits für die Allgemeinheit","Meistens sind die überkommunalen Regionalverbände für die Ausweisung der Windkraftstandortenzuständig. Jedes Bundesland hat aus dem 2%-Bundesziel eigene Ausbauziele.  [NEWLINE]• Kommunen können Windenergieflächen in den Flächennutzungsplänen ausweisen, wenn der Raumordnungsplan das nicht verbietet. Sie können Positivflächen für die Windenergienutzung durch die Bauleitplanung ausweisen und so den Ausbau beschleunigen. [NEWLINE]• Der Gemeinderat kann auf den jeweiligen Regionalverband einwirken, um den Regionalplan für die Windenergie neu aufzustellen, um regionaler Potenziale (über regionale FNP) auszuweisen."
2,PV-Belegung aller kommuneneigenen Dachflächen,3,"Kaiserslautern, Bremen, Kernen im Remstal, Öhringen, Freiburg, Lübeck, Mainz, Aachen, Dresden, München, Witten, Bayreuth, Hansestadt Lüneburg",Strom,THG-Einsparpotenzial,"Die Verwaltung prüft, welche kommunalen Dächer mit PV-Anlagen belegt werden können und verbaut aufallen Potenzialflächen PV-Anlagen. Dazu gehört [NEWLINE]• Prüfpflicht bei Neubau und Sanierung zur Nutzung von PV oder Solarthermie (Gebäude-Energie-Gesetz) und generelle Eignungsprüfung der kommunalen Dachflächen (teils in Bundesländern bereitsverpflichtend) [NEWLINE]• Investitionen in PV-Anlagen, z.B. durch aktive Vermarktung der kommunalen Flächen (Aufbau und Pflegeeines Katasters) bzw. eigene Investitionen, Initiierung von Energiegenossenschaften oder Contracting"
3,Bau von PV-Flächenanlagen ermöglichen und unterstützen,3,"Kaiserslautern, Bad Hersfeld, Würzburg, Rüsselsheim, Öhringen, Lübeck, Markdorf, Aachen, Dresden, Witten, Bayreuth, Hansestadt Lüneburg",Strom,THG-Einsparpotenzial,"Die Verwaltung und Kommunalpolitik kann den Ausbau von Freiflächen-PV ermöglichen und beschleunigen: [NEWLINE]• Durchführung einer Solarpotenzialanalyse für Freiflächen-Solaranlagen und Ausweisung von Vorzugsflächen. Durch die Solarpotenzialanalyse wird der Bau beschleunigt, wenn die Bauleitplanungender jeweiligen Anlagen planungsrechtlich Vorrang gegenüber anderen Vorhaben bekommen. Somit entsteht eine Planungssicherheit z.B. ggü. Investoren. [NEWLINE]• Unterschiedliche Finanzierungsmöglichkeiten aufzeigen: Durch die Gründung / Unterstützung von Bürger Energiegenossenschaften Gewinn-Beteiligung der Bürger:innen vor Ort ermöglichen [NEWLINE]• Naturverträgliche Gestaltung der Solarparks [NEWLINE]• Kontaktierung und Aktivierung der Eigentümer:innen der Flächen / als Eigentümerin der Freiflächen den Ausbau von Freiflächen-PV selbst voran bringen."
4,Förderprogramme für PV-Anlagen,2,"Bad Hersfeld, Rüsselsheim, Kernen im Remstal, Lübeck, Mainz, Bargteheide, Bayreuth",Strom,THG-Einsparpotenzial,"Die Kommune legt Förderprogramme für PV-Anlagen auf, die mind. folgende Punkte umfassen: [NEWLINE]• Vorbereitung: Die Einrichtung eines PV-Katasters, um Solarpotenziale im Vorfeld abzuschätzen (oftmals auf Bundeslandebene schon vorhanden, siehe Quellen) [NEWLINE]• Förderung von PV-Dach-Anlagen für private Haushalte und Unternehmen. Besonders wichtig: Förderung nicht wirtschaftlicher Anlagen(-teile), damit größtmögliche PV-Potenziale genutzt werden [NEWLINE]• Förderung von Mini-PV-Anlagen („Balkonkraftwerken“) [NEWLINE]• Förderung von Mieter:innen-Strom-Projekten [NEWLINE]"
5,Kommune bezieht für alle eigenen Liegenschaften nur noch qualifizierten Ökostrom,2,"Kernen im Remstal, Bargteheide, Dresden, Bayreuth, Hansestadt Lüneburg",Strom,THG-Einsparpotenzial,"Die Verwaltung stellt ihren Strombezug zum nächstmöglichen Zeitpunkt auf die Nutzung von qualifiziertem Ökostrom um. [NEWLINE]• Die Kommune schreibt die Strommenge ca. alle 2 – 4 Jahre aus. Mit der nächsten Ausschreibung wird ein Anbieter für (qualifizierten) Ökostrom gesucht. [NEWLINE]• Die ausgewählten Anbieter müssen mindestens folgende Kriterien erfüllen: Neuanlagenquote oder Reinvest eines Gewinnanteils in Neuanlagen (beides dient dem Ausbau von EE-Anlagen), kein Einkauf vonfossil erzeugtem Strom."
6,Beratungsangebote für Private und Unternehmen,2,"Kaiserslautern, Bremen, Bad Hersfeld, Bayreuth",Strom,THG-Einsparpotenzial,"Nicht nur die finanzielle Förderung für den Ausbau von Solaranlagen ist wichtig. Private und KMU (kleine und mittlere Unternehmen) brauchen Beratung und Unterstützung bei dem PV-Ausbau: [NEWLINE]• PV-Ausbau-Beratung durch Energiemanagement/ Stadtwerke/ Wirtschaftsförderung, besonders zu Fördermitteln [NEWLINE]• Paket-Angebote: PV-Leasing, Heizungsleasing/ Energiecontracting/ Förderabwicklung für Unternehmenetc. [NEWLINE]• Beratung zu Mieter:innen-Strom-Projekten [NEWLINE]• Energieberatung für Unternehmen"
48,PV-Pflicht bei Neubauten,1,"Bad Hersfeld, Lübeck, Hansestadt Lüneburg",Strom,Multiplikatoreffekt,Die Kommune kann über städtebauliche Verträge und im Bebauungsplan für alle Neubauten (Wohn- undNichtwohngebäude) ein Solar-Nutzungsgebot festlegen.Dies kann PV-Module und die Nutzung von Solarthermie umfassen
49,100 Prozent Ökostrom als Angebot der Stadtwerke,1,Mainz,Strom,THG-Einsparpotenzial,Die Kommune erwirkt als Eigentümerin oder Anteilseignerin die Umstellung des Stromangebots der Stadtwerke auf 100 % qualifizierten Ökostrom.
50,Start wirksamer Kampagnen,1,"Bad Hersfeld, Kernen im Remstal, Lübeck, Mainz, Aachen, Bayreuth, Hansestadt Lüneburg",Strom,"THG-Einsparpotenzial, Multiplikatoreffekt",Die Kommune kann durch verschieden Kampagnen den Ausbau der erneuerbaren Energien und die Rate derenergetischen Sanierung beschleunigen. Dazu zählen z.B. [NEWLINE]• kommunale Teilnahme am „Wattbewerb“ [NEWLINE]• Unterstützung bei Solarparties und Solarselbstbauworkshops (z.B. durch Bereitstellung von Räumlichkeiten) [NEWLINE]• Fachkräftekampagne zusammen mit IHK/HWK für Beschleunigung Ausbau EE
51,Unterstützung/Aufbau von oder Zusammenarbeit mit Energiegenossenschaften,1,"Würzburg, Freiburg, Mainz, Aachen",Strom,THG-Einsparpotenzial,"Energiegenossenschaften können wichtige Akteure für den Bau und Betrieb von erneuerbaren Strom- und Wärmeanlagen sein. Außerdem fördert die (finanzielle) Beteiligung der Bevölkerung die Akzeptanz für Energiewendeprojekte. [NEWLINE]• Die Kommune (z.B. in Form der Stadtwerke) kann den Aufbau einer Energiegenossenschaft mit initiieren, begleiten oder bestehende Genossenschaften unterstützen, z.B. bei der Flächensuche und -entwicklung"
52,Einrichtung eines kommunalen Energiemanagements,1,"Aachen, München, Bayreuth",Strom,THG-Einsparpotenzial,"Das kommunale Energiemanagement ermöglicht es, den Energieverbrauch in kommunalen Liegenschaftenzu überwachen und strategische Energiesparpläne für den Gebäudebestand zu entwickeln. Diese Maßnahmewird durch die Nationale Klimaschutzinitiative (NKI) gefördert. [NEWLINE]• Die Kommune bestimmt (oder stellt ein) eine:n Energiebeautragte:n [NEWLINE]• Vor Ort muss in den Liegenschaften Einfluss auf den optimierten technischen Anlagenbetrieb genommenwerden (in Schulen, Verwaltungsgebäuden etc.)"
53,Bau von Agri-PV ermöglichen und Errichtung unterstützen,1,"Lübeck, Mainz",Strom,THG-Einsparpotenzial,"• Potenzielle Ausbauflächen identifizieren (kommunale oder private landwirtschaftliche Flächen) [NEWLINE]• Flächenausweisung ermöglichen bzw. direkt ausweisen (Flächennutzungsplan, Bebauungsplan) zur Privilegierung des Ausbaus [NEWLINE]• Ausbau unterstützen [NEWLINE]• Informieren [NEWLINE]• Unterstützung bei Bundesförderung [NEWLINE]• Begleitung eines Pilot- oder Forschungsprojekts"
7,Wärmeplanung beauftragen bzw. erstellen gemäß Wärmeplanungsgesetz bzw. Landesgesetz,3,"Bremen, Bad Hersfeld, Würzburg, Rüsselsheim, Kernen im Remstal, Öhringen, Freiburg, Lübeck, Mainz, Aachen, Dresden, Witten, Hansestadt Lüneburg, Bayreuth",Wärme,THG-Einsparpotenzial,"Bis Mitte 2026 (>100.000) bzw. 2028 (<100.000) müssen Kommunen eine Wärmeplanung vorlegen. Kleineren Kommunen wird ein vereinfachtes Verfahren ermöglicht. GEG greift dann, wenn eine konkrete, gesonderte Ausführungsgenehmigung kommt. Oder ab spätestens 2026/28 [NEWLINE]• ab 2035 dürfen keine Emissionen mehr durch die Wärmeerzeugung entstehen [NEWLINE]• betroffene Sektoren mitdenken: [NEWLINE]• gesteigerter Strombedarf (durch große und kleinere Wärmepumpen) muss mitberücksichtigt werden und erneuerbar sowie lokal/regional erzeugt werden [NEWLINE]• Flankierung mit Maßnahmen im Gebäudebereich nötig: Annahmen über Sanierungsraten müssen inkommunalen Konzepten hinterlegt werden: Wird eine gesteigerte Sanierungsquote durch kommunale Aktivitäten plausibilisiert? [NEWLINE]• nach der Wärmeplanung: Aufteilung und Ausweisung von Wärmeversorgungsgebieten"
8,Dekarbonisierung bestehender Fernwärmenetze und Ausbau grüner Wärmenetze durch Erschließung erneuerbarer Wärmequellen,3,"Ingolstadt, Freiburg, Mainz, Aachen, Dresden, Hansestadt Lüneburg, Bayreuth",Wärme,THG-Einsparpotenzial,"Umsetzung des kommunalen Wärmeplans durch Umbau bestehender Wärmeproduktion hin zu grüner Wärmeund Erschließung neuer grüner Wärmequellen. [NEWLINE]• Vollständiger Umbau und Ausbau grüner Wärme [NEWLINE]• Harmonisierung von Wärmebedarfen und der Produktion erneuerbarer Wärme (Sanierung mit Wärme Ausund Umbau harmonisieren) [NEWLINE]• in Fernwärmenetzen, v.a. Temperaturreduzierung, hydraulische Optimierung (Schaffung technisUmsetzungvon Effizienzmaßnahmen cher Voraussetzungen für die Nutzung erneuerbarer Energien in den Wärmenetzen)"
9,"Umsetzung von Effizienzmaßnahmen in Nahwärmenetzen (u. a. Temperaturreduzierung, hydraulische Optimierung)",3,"Mainz, Bayreuth",Wärme,THG-Einsparpotenzial,"Erneuerbar betriebene Wärmenetze haben in der Regel ein niedrigeres Temperaturniveau, weil die Umweltwärme nicht ähnlich leicht wie fossil erzeugte Wärme genutzt werden kann. Daher müssen die Wärmesysteme so umgebaut werden, dass sie mit niedrigeren Temperauren (< 70 Grad) betrieben werden können."
10,Beratung und Motivation zur Verdichtung und Erweiterung von Wärmenetzen in bestehenden Wohngebieten bzw. Anschluss- und Benutzungszwang,2,"Freiburg, Bayreuth",Wärme,THG-Einsparpotenzial,"Wärmenetze können effizienter sein, als die Umstellung der individuellen Heizung. Daher kann es sinnvoll sein, die Abnahmebasis der Fernwärme zu erhöhen. [NEWLINE]• klare Ziele über Erhöhung der Anschlussquote und Wärmeabnahme [NEWLINE]• Informationsangebot über Stadtwerke bzw. kommunale Kanäle streuen [NEWLINE]• mit bestehenden kommunalen Beratungsangeboten (Energieberatung, Sanierungskonzepten etc.) verzahnen [NEWLINE]• Nach §13 Kommunalverfassungsgesetz ist die Festsetzung eines Anschlusszwanges an ein neu zuerrichtendes Nahwärmenetz grundsätzlich auf Basis der Ergebnisse der Quartierskonzepte möglich (Achtung, potenziell konfliktive Maßnahme! Achtung vor hohen Wärmekosten für Verbraucher:innen!)"
11,Energieverbrauch Krankenäuser senken (kommunale Krankenhäuser),2,Hansestadt Lüneburg,Industrie / Wirtschaft,THG-Einsparpotenzial,"• Krankenhäuser werden teilweise von den Kommunen selbst betrieben, die Kommune und die entsprechende Verwaltung hat hier großen Einfluss und Gestaltungsspielraum. [NEWLINE]• Klimaschutzmanagement und Energiemanagement einführen, damit relevante Maßnahmen erkannt und priorisiert werden können [NEWLINE]• Energieverbrauch senken durch effizientere Geräte (z.B. Waschmaschinen und Wäschetrockner), Gebäudemodernisierung (Dämmung) oder intelligentere Steuerungen (Lichter und andere Geräte ausschalten)"
12,Beratung von und Unterstützung für Unternehmen,2,"Aachen, Bayreuth, Hansestadt Lüneburg",Industrie / Wirtschaft,THG-Einsparpotenzial,"• Eine von der Kommune angebotene ""offizielle"" Energieberatung genießt ein hohes Vertrauen in Industrie und Betrieben [NEWLINE]• Energieberatung gezielt für Unternehmen anbieten [NEWLINE]• Auf entsprechende Fördermöglichkeiten aus Bundesmitteln hinweisen / diese konsequent nutzen [NEWLINE]• Bildungsarbeit leisten, um Hemmnisse für Investitionen in Energiesparmaßnahmen und Klimaschutzmaßnahmen zu reduzieren"
13,Aufbau Klimaschutzkooperationen mit der Wirtschaft bzw. Industrieunternehmen,2,"Rüsselsheim, Bargteheide, Aachen",Industrie / Wirtschaft,THG-Einsparpotenzial,"• Lokales Unternehmensnetzwerk von Unternehmen zum Thema Klimaschutz gründen, z.B. Unternehmensnetzwerk für Klimaneutralität 2030. [NEWLINE]• Durch gute lokale Vernetzung werden Potentiale sichtbar, die Unternehmen gemeinsam heben können (z.B. kann die Abwärme des einen Betriebs im anderen Betrieb genutzt werden, etc.) [NEWLINE]• Austausch über korrekte CO2 Bilanzierung und Tools für Monitoring [NEWLINE]• Gemeinsame Lobbyarbeit: Was brauchen die Unternehmen vom Stadtrat / Gemeinderat, damit Sie klimaneutralwerden können? [NEWLINE]• Auch eine vertrauliche Runde, in der Unternehmensvertreter sich vertraulich austauschen können, kann hilfreich sein (Beispiel Mannheim)"
54,Einrichung von Materiallagern und Bauteilkatalogen für gebrauchte Bauteile,1,Aachen,Industrie / Wirtschaft,THG-Einsparpotenzial,"Der Bausektor gehört zu den ressourcenintensivsten Wirtschaftssektoren: 2018 fielen etwa 219 Millionen Tonnen Bauabfälle an – und machten damit mehr als die Hälfte des Gesamtabfallaufkommens in Deutschland aus. [NEWLINE]• Einrichtung von Materiallagern und Bauteilkatalogen für gebrauchte Bauteile (aus dem Bausektor) [NEWLINE]• Kommune richtet Lager für Stahlträger etc. ein [NEWLINE]• Durch wiederholtes Einsetzen der Bauteile werden Ressourcen und Emissionen gespart [NEWLINE]• Bauteile, die normal neu produziert werden müssten, können wiederverwendet werden"
55,Kreislaufwirtschaft und nachhaltige Baustoffe im Baubereich: kommunale Vergabeverfahren anpassen,1,Aachen,Industrie / Wirtschaft,THG-Einsparpotenzial,"Der Bausektor gehört zu den ressourcenintensivsten Wirtschaftssektoren: 2018 fielen etwa 219 Millionen Tonnen Bauabfälle an – und machten damit mehr als die Hälfte des Gesamtabfallaufkommens in Deutschland aus. [NEWLINE]• Anpassung kommunaler Vergabeverfahren [NEWLINE]• Einführung ökologischer Richtlinien für Baustoffe [NEWLINE]• Dokumentation der Lebenszyklen von in Gebäuden verbauten Materialien bei großen öffentlichen Neubauvorhaben und bei selektivem Rückbau, zum Beispiel in einem Gebäudepass"
14,Umfassende energetische Gebäudesanierung der kommunalen Liegenschaften und kommunalen Wohhnungsbaugesellschaften,3,"Bad Hersfeld, Rüsselsheim, Kernen im Remstal, Freiburg, Bargteheide, Aachen, München, Bayreuth, Hansestadt Lüneburg",Gebäude,THG-Einsparpotenzial,"• Sanierungsfahrplan erstellen und durchführen: [NEWLINE]• Hüllflächen (Außenhaut eines Gebäudes): Zielniveau für Hüllflächensanierung definieren, nachhaltige Baumaterialien verpflichtend einführen [NEWLINE]• Energie: Wärmeplanung, Heizungssanierung, Nahwärmenetze, PV-Strategie und Heizungstypen abstimmen [NEWLINE]• Priorisierung der Gebäude nach Einsparungspotenzial und Zeitplan festlegen [NEWLINE]• Fördermaßnahmen beantragen: Bundesförderung (Nationale Klimaschutzinitiative), KfW und weitere [NEWLINE]• Allgemeine Planung: Optionen für serielles Sanieren prüfen, Planungspersonal und Budget bereitstellen [NEWLINE]→ Energiemanagement, siehe Informationen zur Maßnahme unter dem Sektor Strom"
15,Beratung zu Gebäudesanierung und Heizungstausch,3,"Bad Hersfeld, Kernen im Remstal, Braunschweig, Aachen, Bayreuth",Gebäude,THG-Einsparpotenzial,"• Beratung zu energetischer Gebäudesanierung und Heizungstausch von Ein- , Zwei- oder Mehrfamilienhäusern (Eigentümergemeinschaften) [NEWLINE]• Kostenneutrale Beratung z.B. über Verbraucherzentralen [NEWLINE]• Privatwirtschaftliche Energieberatung fördern [NEWLINE] Ziele der Beratung: [NEWLINE]• Wärmeleitplanung und PV-Strategie veröffentlichen [NEWLINE]• Quartiersziele und Konzepte kommunizieren [NEWLINE]• Serielles Sanieren bewerben und ggf. organisieren [NEWLINE] Fördermittelberatung (Auswahl): [NEWLINE]• Bundesförderung für effiziente Gebäude bewerben [NEWLINE]• Mittel aus Städtebauförderung z.B. über Ausweisung von Sanierungsgebieten nutzen [NEWLINE]• Städtische Fördermittel, die additiv z.B. zu einer KfW Förderung vergeben werden"
16,Kommunales Förderprogramm für energetische Sanierung und erneuerbare Heizungen,3,"Bremen, Rüsselsheim",Gebäude,THG-Einsparpotenzial,Förderung: [NEWLINE]• Aufstockende Förderung zur Bundesförderung im BEG (Bundesförderung für effiziente Gebäude); mittels einer Richtlinie wird zusätzliche Förderung nach Vorlage eines staatlichen Förderbescheides ermöglicht (geringer Prüfaufwand): [NEWLINE]• Dämmung der Gebäudehülle / Heizungsoptimierung [NEWLINE]• Heizungstausch mit Fokus auf Wärmepumpe [NEWLINE]• Nutzung nachwachsender Rohstoffe [NEWLINE]• Beispiele für Richtlinien: [NEWLINE]• https://www.neuburg-donau.de/rathaus/aufgaben-und-dienstleistungen/foerderungwaermepumpe_id3302 [NEWLINE]• https://stadt.muenchen.de/infos/foerderprogramm-klimaneutrale-gebaeude.html
17,Klimaneutrale Energieversorgung durch Bauleitplanung und städtebauliche Verträge,2,"Braunschweig, Aachen, München",Gebäude,THG-Einsparpotenzial,"Kommunen können bei der Bauleitplanung und der Verabschiedung von städtebaulichen Verträgen mit Investor:innenden den Ausbau mit erneuerbaren Energien voran bringen. Dazu gehören z.B. [NEWLINE]• Installationspflicht von PV auf/an Gebäuden, Entwicklung von Solarparks [NEWLINE]• Vorgaben zur Nutzung geeigneter Flächen für Windenergieanlagen innerhalb des Entwicklungsgebiets [NEWLINE]• Festsetzung von hohen Energieeffizienzstandards im Gebäudebereich [NEWLINE]• Planung und Ausbau von Stromnetzen, Ermöglichung von Speichersystemen und dezentralen [NEWLINE] Energieerzeugungsanlagen inkl. Ausweisung der Flächen dafür [NEWLINE]• Verpflichtung zur Verwendung von nachhaltigen Baustoffen [NEWLINE]→ Neue Baugebiete müssen im Allgemeinen ihren Energiebedarf aus erneuerbaren Energien decken (Nutzungsrechte)"
18,Energetische Quartierssanierung,2,"Kernen im Remstal, Braunschweig, Aachen, Bayreuth, Hansestadt Lüneburg",Gebäude,THG-Einsparpotenzial,"• Quartiersanierung lenkt den Blick vom Einzelgebäude auf ein Quartier [NEWLINE]• Kommunale und private Gebäude gemeinsam betrachten [NEWLINE]• Verschiedene Akteure an einen Tisch holen [NEWLINE]• Nutzung von Synergien: [NEWLINE]• Nahwärmenetz planen [NEWLINE]• Abwärme eines Gebäudes in der Industrie zur Beheizung eines anderen Gebäudes nutzen [NEWLINE]• Serielles / gebündeltes Sanieren, z.B. viele ähnliche Gebäude auf einmal sanieren und gleichzeitig mit PV-Modulen ausstatten [NEWLINE]• Umsetzungsschritte / Konzept erarbeiten: [NEWLINE]• Ausgangssituation definieren, Potenziale ableiten [NEWLINE]• Fördermittel beantragen [NEWLINE]• Die ehemalige KfW-Förderung für energetische Quartierskonzepte wird derzeit nicht fortgeführt"
56,Ambitionierte Leitlinien für Neubauten und Sanierung bei kommunalen Bau- bzw. Sanierungsprojekten,1,"Rüsselsheim, Braunschweig, Bayreuth, Hansestadt Lüneburg",Gebäude,THG-Einsparpotenzial,• Ambitionierte Leitlinien für Neubauten und Sanierung von kommunalen Gebäuden als verbindlichen Standard festlegen [NEWLINE]• z.B.: Nullenergiehäuser im Neubau und erhöhter Effizienzhaus-Standard bei Sanierung [NEWLINE]• Baumaterialien nachhaltig und recyclebar [NEWLINE]• Lebenszyklus in der Wirtschaftlichkeitsberechnung einbeziehen (also die Abbruch- und Recyclingkosten mitbetrachten)
19,Mobilitätsplanung mit Fokus auf Ausbau Rad- und Fußinfrastruktur und ÖPNV-Entwicklung,3,"Kaiserslautern, Bremen, Bad Hersfeld, Rüsselsheim, Kernen im Remstal, Öhringen, Mainz, Bargteheide, Aachen, München, Bayreuth, Hansestadt Lüneburg",Verkehr,THG-Einsparpotenzial,"Grundlage für eine koordinierte Verkehrswende ist eine gesamtheitliche Mobilitätsplanung, in der der Ausbauv on Fuß- und Radverkehr sowie der Ausbau des ÖPNV inkl. der überregionalen Verkehrsplanung koordiniert wird. Die Planung kümmert sich um die Ermöglichung und Verbesserung der Mobilität bei gleichzeitiger Reduktion der Emissionen. Zur Planung gehören auch [NEWLINE]• die Anbindung an und Verzahnung mit Nachbargemeinden und Städten (überregionaler (Pendel-)Verkehr) [NEWLINE]• die Finanzierung der investiven Maßnahmen über den Haushalt (inkl. Maßnahmen zur Erhöhung der Mittel, z.B.über Parkraumbewirtschaftung s.u.)"
20,Ausbau Radverkehr,2,"Bad Hersfeld, Öhringen, Mainz, Bargteheide, München, Bayreuth, Hansestadt Lüneburg",Verkehr,THG-Einsparpotenzial,Ausbau Radverkehr als Teil der Mobilitätsplanung. Zu einem konsequenten Radausbau gehören z.B. diese Maßnahmen: [NEWLINE]• Sicherheit bestehender Radwege erhöhen [NEWLINE]• Ausbau eines sicheren zusammenhängenden Radnetzes und von Radschnellwegen (ggf. auch kommunenübergreifend) [NEWLINE]• verbesserte und vermehrte Abstellanlagen [NEWLINE]• Aufwertung des Winterdienstes für Radwege [NEWLINE]• Öffnung von Einbahnstraßen für Radverkehr und Einrichtung von Fahrradstraßen (Bevorzugung vor Autoverkehr)
21,Ausbau und Attraktivierung des ÖPNV-Angebotes,3,"Bad Hersfeld, Rüsselsheim, Kernen im Remstal, Öhringen, Mainz, Bargteheide, Aachen, München, Bayreuth, Hansestadt Lüneburg",Verkehr,Benefits für die Allgemeinheit,Ausbau ÖPNV als Teil der Mobilitätsplanung. Zu einem konsequenten Ausbau und einer besseren Qualität gehören z.B. diese Maßnahmen: [NEWLINE]• Streckenausbau des ÖPNV: konsequenter Ausbau kommuneneigener Linien und Einsatz für eine Erweiterung des Angebots beim Land bzw. beim regionalen Verkehrsverbund [NEWLINE]• verstärkte und integrierte Taktung des bestehenden ÖPNV: Abstimmung mit regionalem un düberregionalem Mobilitätsangebot [NEWLINE]• Einrichtung und Ausbau von mobility hubs und Sharing Systemen für schnellere Mobilität über MIV hinaus
22,Reduktion der MIV Flächen,2,"Bad Hersfeld, Rüsselsheim, Öhringen, Mainz, Aachen, Bayreuth, Hansestadt Lüneburg",Verkehr,THG-Einsparpotenzial,"Die Verkehrswende gelingt durch die Kombination von sogenannten push- und pull-Maßnahmen. Ohne die Einschränkung des motorisierten Individualverkehrs wird es nicht gehen. Daher braucht es konsequente Maßnahmen, um dessen Attraktivität zu reduzieren. Dazu gehört z.B. [NEWLINE]• Einrichtung eines flächendeckendes Parkraummanagements [NEWLINE]• Änderung des Stellplatzschlüssels je Wohneinheit [NEWLINE]• Reduktion des Straßenraums für MIV, z.B. Einrichtung von Einbahnstraßen, Verlagerung von Autospuren zum Umweltverbund verlagern [NEWLINE]• Einrichtung von autofreien bzw. autoarmen Quartieren, z.B. nach dem Superblocks-System oder durch die Einführung einer Umweltzone"
23,Umstellung kommunaler Fuhrpark und Angebote für Mitarbeiter:innen,2,"Bad Hersfeld, Bargteheide, Aachen, München, Bayreuth, Hansestadt Lüneburg",Verkehr,THG-Einsparpotenzial,"Die Verwaltung sollte Vorbild für andere Akteure der Stadtgesellschaft sein und ihr Mobilitätsverhalten nach den Prinzipien der Verkehrswende – verringern, verlagern, verbessern – umstellen. [NEWLINE]• Verringerung von Dienstfahrten der Verwaltungsmitarbeitenden, z.B. durch Ermöglichung von Home Office [NEWLINE]• Verlagerung von Dienstfahrten auf den Umweltverbund durch Monatstickets für den ÖPNV bzw. betriebliche Nutzung des ÖPNV und Bereitstellung z.B. von e-Bikes und Lastenrädern [NEWLINE]• Verbesserung durch Umstieg der kommunalen Flotte auf e-Mobilität inkl. Umstieg der kommunalen (Tochter-)Angebote wie Abfallfahrzeuge"
24,Einführung von Geschwindigkeitsbegrenzungen,2,"Bad Hersfeld, Weyhe, Mainz, Bargteheide, Hansestadt Lüneburg",Verkehr,THG-Einsparpotenzial,Die Reduktion der innerstädtischen Höchstgeschwindigkeit kann teilweise von der Kommune auf Tempo 20 bzw. 30 reduziert werden. Bei reduziertem Tempo entstehen deutlich weniger Emissionen. [NEWLINE]• Wo möglich: Tempo 20 bzw. 30 Zonen weiträumig ausweisen [NEWLINE]• Beitritt zur bundesweiten Initiative „Lebenswerte Städte durch angemessene Geschwindigkeiten“ für eine flächendeckende Ermöglichung der Tempo-Zonen
25,Einkauf von Elektrobussen für den ÖPNV,3,"München, Hansestadt Lüneburg",Verkehr,THG-Einsparpotenzial,"Ausarbeitung eines Elektrifizierungsfahrplans des öffentlichen Bus- und Bahnangebots inkl. etwaiger Akquirierung von Landes- und Bundes-Fördergeldern. Neben der Umstellung auf nicht-fossil betriebene Busse (v.a. e-Motoren, ggf. auch Wasserstoff) bedarf es einem zeitigen Ausbau der Ladeinfrastruktur."
57,Unterstützung und Begleitung des betrieblichen Mobilitätsmanagement ,1,"Rüsselsheim, Bargteheide, Aachen, Hansestadt Lüneburg",Verkehr,THG-Einsparpotenzial,"Unternehmen und Arbeitgeber:innen haben großen Einfluss darauf, wie die Angestellten zur Arbeit kommen. Die Verwaltung kann einen umweltfreundlichen Arbeitsweg unterstützen, indem sie die Unternehmen beim betrieblichen Mobilitätsmanagement unterstützt. Dazu gehört z.B. [NEWLINE]• Erstellung einer Mobilitätsanalyse der Mitarbeiter:innen [NEWLINE]• Definition von Zielen und Maßnahmen und Wirkungstestung [NEWLINE]• Einrichtung von Optionen zum Umstieg bzw. Verkehrsreduktion: Betriebsräder, CarPooling, Jobtickets ,Ermöglichung von Home Office etc."
58,Ausbau E-Ladestruktur,1,"Bargteheide, München, Hansestadt Lüneburg",Verkehr,THG-Einsparpotenzial,"Nicht nur der kommunale Verkehr muss elektrifiziert werden. Um einen privaten flächendeckenden Umstieg auf e-Mobilität zu ermöglichen, kann die Kommune den Ausbau der e-Ladestruktur voranbringen. Dazu gehört z.B. [NEWLINE]• Aufbau öffentlicher Infrastruktur nach Analyse von Potenzialen und Bedarfen [NEWLINE]• Informationskampagne und Serviceangebot der Stadtwerke zu privaten Wallboxen"
59,"Schaffung von Anreizen für reduzierte PKW-Nutzung, z.B. über Auto-Abwrackprämie oder vergünstigte ÖPNV Angebote",1,München,Verkehr,THG-Einsparpotenzial,"Das eigene Auto ist und bleibt ein sehr attraktives Verkehrsmittel. Daher kann die Kommune zusätzlich den Verzicht auf das eigene Auto belohnen, z.B. durch [NEWLINE]• eine Abwrackprämie oder Umstiegsprämie auf ÖPNV [NEWLINE]• vergünstigte ÖPNV-Angebote für unterschiedliche einkommensschwache Bevölkerungsgruppen"
26,"Unterstützung bzw. Koordination der Moor-Wiedervernässung (Landkauf, Absprache mit Eigentümer:innen, Vorstudien, Umsetzung
etc.)
",3,"Bargteheide, München, Bayreuth",Land & Natur,THG-Einsparpotenzial,"Koordinierende Rolle der Kommune: Koordination von Flächentausch und Flächenkauf, z.B. über [NEWLINE]• Stellenschaffung: Klima- und Moorschutzmannager:innen [NEWLINE]• Beantragen von Fördermitteln durch die Kommune (z.B. Förderrichtlinie für Natürlichen Klimaschutz in kommunalen Gebieten im ländlichen Raum) [NEWLINE]• Einbindung von Behörden, v.a. untere Wasser-, Naturschutz, und Forstbehörde als wichtigste Behörde und Landrät:innen [NEWLINE]• Gutachten in Auftrag geben, Fortbildungen anbieten, Handreichungen entwickeln [NEWLINE]• Förderung von Paludikultur [NEWLINE]• Schaffung von Kooperationsstrukturen zwischen Landwirtschaft, Produktentwicklung, Produktvermarktung, Tourismus und Naturschutz [NEWLINE]• Einbindung der Bevölkerung auf Grund von Veränderungen der Landschaft [NEWLINE]•  Kooperation mit Landes- und Entwicklungsgesellschaften [NEWLINE]• Aufkauf und Vermittlung von landwirtschaftlich genutzter Fläche > Flächenpool"
27,Aufforstung als Klimawälder,3,"Kernen im Remstal, Bargteheide, Bayreuth",Land & Natur,THG-Einsparpotenzial,"Kernaufgabe: Erhaltung und Wiederherstellung von klimaangepassten, multifunktionalen Wäldern zum Ausbau des Senkenpotentials. [NEWLINE]• Waldmanagement durch Förster:innen in kommunalen Forstbetrieben [NEWLINE]• Waldumbau hin zu klimaresilienten Mischwäldern [NEWLINE]• Analyse des Baum- und Walbestands in Absprache mit unterer Forstbehörde [NEWLINE]• Ermittlung und Koordination durch Kommune zum Waldumbau [NEWLINE]• Stellenschaffung für Umwelt- und Naturschutzangelegenheiten [NEWLINE]• Beantragen von Fördermitteln durch die Kommune (z.B. Förderrichtlinie für natürlichen Klimaschutz in kommunalen Gebieten im ländlichen Raum) [NEWLINE]• Regelmäßige Gesprächsrunde mit Nachbarkommunen oder innerhalb des Landkreises [NEWLINE]• Koordination von Flächentausch und Flächenkauf (als technische Maßnahme oder als Tauschflächen) [NEWLINE]• Nutzung von Landschafts- und Flächennutzungsplänen [NEWLINE]• Einbeziehen der Zivilgesellschaft "
28,Flächenschonende Stadtentwicklung,2,"Rüsselsheim, Braunschweig, Mainz, Bargteheide, Aachen, Frankfurt, Bayreuth",Land & Natur,THG-Einsparpotenzial,"Nutzung formelle und informelle Instrumente der Stadtplanung [NEWLINE]• Die Flächenneuinanspruchnahme kann sehr gut im Rahmen der Bauleitplanung beeinflusst werden. Das BauGB bildet dabei die Grundlage, dort werden die formellen städteplanerischen Instrumente festgelegt. [NEWLINE]• Entwicklung von städtebaulichen Entwicklungskonzepten zur Flächensparpolitik [NEWLINE]Verhinderung von Versiegelung über städteplanerische Instrumente, z.B. [NEWLINE]• Keine Ausweitung von neuen Siedlungs- und Vehrkehrsflächen (insbesondere im Außenbereich) [NEWLINE]• Beeinflussung baulicher Dichte, Nachverdichtung (Umbau/ Ausbau des Dachgeschosses oder Ausbauten im Bestand) [NEWLINE]• städtebauliche Verträge mit privaten Investoren od. Bauherren für positive Stadtentwicklung (bspw. Umbau von Parkfläche zu multifunktionalen Grünzonen) [NEWLINE]• Konsequente Umsetzung von Ausgleichsfläche in BLP"
29,Baumschutzkonzept entwickeln,2,"Rüsselsheim, Bargteheide, Bayreuth",Land & Natur,THG-Einsparpotenzial,"Baumschutzkonzepte sollen helfen, den Baumbestand zu schützen und auszubauen. Intakte Bäume spielen eine wesentliche Rolle bei der Bindung von Kohlenstoff, der Reduktion des städtischen Wärmeinseleffekts und der Verbesserung der Luftqualität. [NEWLINE]Viele städtische Bäume sind jedoch in einem schlechten Zustand, leiden z.B. an Hitzestress. [NEWLINE]Ein Baumschutzkonzept analysiert den Bestand und definiert Ausbaupfade. Gleichzeitig enthält er Maßnahmen zum akuten Baumschutz."
60,Biotopverbünde schaffen,1,"Braunschweig, Bayreuth",Land & Natur,THG-Einsparpotenzial,"• Konkrete Umsetzung und Sicherung der landesweiten Biotopverbundkonzepte: Ausgestaltung der überregionalen Planungsinstrumente (v.a. Landschaftsrahmenplan) auf lokaler Ebene sowie deren Integration in die kommunale Planung. [NEWLINE]• Durchführung aktueller Erhebungen, v.a. Biotopkartierungen, Artenschutzprogramme und Managementplanungen in FFH-Gebieten zur Identifikation und Priorisierung naturschutzfachlichbedeutsamer Arten und Lebensräume. [NEWLINE]• Entwicklung und Implementierung konkreter Maßnahmen: Basierend auf den erhobenen Daten müssen Maßnahmen zur Verbesserung der Landschaftsdurchlässigkeit sowie zur Aufwertung und Entwicklung neuer Habitate und Lebensräume umgesetzt werden."
30,Beratungs- und Förderangebote zur Umstellung auf ökologische und regenerative Landwirtschaft,2,"Kernen im Remstal, Freiburg, Bargteheide, Aachen, Hansestadt Lüneburg",Landwirtschaft,THG-Einsparpotenzial,• Konkrete Maßnahmenfeststellung und -umsetzungsberatung zur Treibhausgaseinsparung• Finanzielle Förderung für die Umsetzung von Projekten gemäß Einsparungspotenzial• Ergänzung zur bisherigen Förderkulisse [NEWLINE]• in Abstimmung mit Landkreis [NEWLINE]• Bereitstellung von Expertise zur Beantragung von Fördermöglichkeiten auf allen Ebenen (EU bis Kommune) [NEWLINE]• Wenn vorhanden: Verweis auf Landes- und Landkreisberatungsdienste
31,"Umstellung des Verpflegungsangebotes auf überwiegend ökologische vegetarische Ernährungsform in Kantinen der Schulen, Krankenhäuser und Pflegeeinrichtungen mit öffentlicher Trägerschaft",3,"Kernen im Remstal, Freiburg, Bargteheide, Aachen, Hansestadt Lüneburg",Landwirtschaft,THG-Einsparpotenzial,"• Die Kommune kann für Nahrungsmittel bestimmte prozentuale Mindestanteile festlegen, die z.B. aus biologischer Landwirtschaft stammen müssen. [NEWLINE]• Sowohl für den Direkteinkauf als auch für die Vergabe von Catering-Aufträgen. [NEWLINE]• Die öffentliche Gemeinschaftsverpflegung hat einen hohen Versorgungsgrad und daher einen Hebel zur Veränderung der Essroutinen"
32,Aufbau einer Wissensplattform für Landwirt:innen über klimaschonende Praktiken,2,No city,Landwirtschaft,THG-Einsparpotenzial,"• Schaffung einer umfangreichen Wissenssammlung zu klimaschonenden Praktiken in der LW (Düngen, Bodenerosion, etc.) [NEWLINE]• Idealerweise konkrete Verknüpfung von neusten Forschungserkenntnissen mit (regionalen) Realerfahrungen [NEWLINE]• Übersetzung der konzentrierten Informationen in umsetzbare Maßnahmen [NEWLINE]• Verzahnung zwischen Wissensangebot und Beratungsangebot (s. nächste Folie)"
33,Aufbau eines Dialogforums mit der Landwirtschaft,2,"Kernen im Remstal, Bargteheide",Landwirtschaft,THG-Einsparpotenzial,"• Ansprache und Sensibilisierung von Landwirt:innen, Stadtgesellschaft und Entscheidungsträger:innen aus Wirtschaft und Verwaltung zu Treibhausgas-Einsparmöglichkeiten in der Landwirtschaft [NEWLINE]• Organisation und Ausrichtung von Kommunikationsforen für Interessierte durch kompetenten Partner (Stiftung, Verein etc.) in Kollaboration mit z.B. Landwirtschaftsamt [NEWLINE]• Inputs und Austausch zu ökologischer bzw. regenerativer Landwirtschaft [NEWLINE]• Vernetzung mit anderen Klimaallianzen aus anderen Sektoren oder aber auf anderer Ebene [NEWLINE]• Auf lokales Wissen und Strukturen zurückgreifen, z.B. Ernährungsräte"
34,Vergabe von kommunalen Pachtflächen nach ökologischen Kriterien,2,Aachen,Landwirtschaft,THG-Einsparpotenzial,• Einbeziehung von Ökolandbau bzw. regenerativer Praktiken in Vergabe von landwirtschaftlichen Pachtflächen [NEWLINE]• Anpassung der Vergabekriterien kommunaler landwirtschaftlicher Flächen [NEWLINE]• Herantreten an Großverpächter:innen wie bspw. die Kirche (katholische + evangelische Kirche ca. 500.000 Hektar)
61,Kommune fördert urbane Landwirtschaft und zivilgesellschaftliche Initiativen,1,Bargteheide,Landwirtschaft,THG-Einsparpotenzial,"• Aktivierung der Stadtgesellschaft zur Sensibilisierung von landwirtschaftlicher Praxis, z.B. durch Umsetzung von Maßnahmen zur Förderung einer „essbaren Stadt“ (Anlegen öffentlicher Hochbeete, Obststreuwiesen etc.) [NEWLINE]• Förderung von urbanen Gärten und Kampagnen [NEWLINE]• Kombination mit Sichtbarmachung von regionalen bäuerlichen Strukturen möglich: Unterstützung von z.B. Regionalläden"
35,Energieautarker Betrieb der Kläranlagen,3,"Kernen im Remstal, Bargteheide, Bayreuth",Abfallwirtschaft,THG-Einsparpotenzial,"Kommunen können den Betrieb von Kläranlagen auf vielseitige Weise energetisch optimieren: [NEWLINE]• Energieeffizienz: Reduktion des Energieverbrauchs durch effizientere Technologien und Prozessoptimierung. [NEWLINE]• Erneuerbare Energien: Installation von Solaranlagen zur Stromerzeugung [NEWLINE]• Biogasproduktion: Gewinnung von Biogas durch anaerobe Behandlung von Klärschlamm, das zur Stromund Wärmeerzeugung genutzt wird. [NEWLINE]• Wärmerückgewinnung: Verwendung der bei der Abwasserbehandlung entstehenden Abwärme. Für die Aktivitäten können Kommunen Fördergelder des Bundes beantragen."
36,Optimierte Deponiegaserfassung,2,No city,Abfallwirtschaft,THG-Einsparpotenzial,"Deponiegas, bestehend aus Methan (CH4) und Kohlenstoffdioxid (CO2), entsteht hauptsächlich durch den Abbau von organischen Inhaltsstoffen im Abfall bzw. Hausmüll. [NEWLINE]Die Ausgasung erstreckt sich über viele Jahre. Kommunen können über unterschiedliche öffentlich geförderte Maßnahmen wie Gasreinigung und -aufbereitung oder eine verbesserte Fassung und Behandlung der Gase, die Emissionen deutlich reduzieren."
37,Verbesserte Nutzung von Grünschnitt und Bioabfall zur Erzeugung von erneuerbaren Energien und bei der Abfallbehandlung,2,No city,Abfallwirtschaft,THG-Einsparpotenzial,"Je nachdem wie effizient die in der Biomasse gespeicherte Energie im Abfall genutzt wird, trägt die Bioabfallbehandlung mehr oder weniger zum Klimaschutz bei. [NEWLINE]• > 50% der Bioabfälle werden derzeit einfach kompostiert, wobei die enthaltene Energie nicht genutzt wird [NEWLINE]• Die Kommunen sollten den Anteil der Vergärung durch Biogasgewinnung erhöhen, v.a. für Bioabfälle aus Haushalten"
38,Herstellung von Pflanzenkohle über Pyrolyse,2,No city,Abfallwirtschaft,THG-Einsparpotenzial,"Bei der Pyrolyse werden Grünabfälle wie Gartenabfälle, Holzreste etc. verkohlt. Der Kohlenstoff wird dabei langfristig in der Biomasse gespeichert und fungiert so als Kohlenstoffsenke. Gleichzeitig kann die bei der Verkohlung entstehende Wärme z.B. für ein Wärmenetz genutzt werden. [NEWLINE]• Kommunaler und privater Grünschnitt kann für die Herstellung von Pflanzenkohle gesammelt werden. Dafür muss im ersten Schritt eine Bestandsaufnahme (Monitoring) der kommunal verfügbaren Biomasse-Abfälle erfolgen. [NEWLINE]• Die Kommune kann gemeinsam mit dem Abfallbetrieb den Aufbau einer Pyrolyseanlage prüfen, ggf. eignet sich auch eine Anlage auf Landkreisebene. [NEWLINE]• Die Pflanzenkohle kann im Stadtgebiet als Dünger eingesetzt werden, sie eignet sich außerdem zur Speicherung von Wasser und Nährstoffen."
62,Biologische Abfallbehandlung bei Kompostierung (Nachrüstung einer Vergärungsstufe),1,No city,Abfallwirtschaft,Wirtschaftlichkeit,placeholder
39,Gibt es ein personell gut augestattetes Klimaschutzmanagement?,3,Aachen,Governance,THG-Einsparpotenzial,placeholder
40,"Ist ein ambitionierter Klimaschutzplan vorhanden? (Restbudget / Zieljahr / jährliche Kostenaufstellung / Verantwortlichkeiten
benannt)",2,"Bad Hersfeld, Rüsselsheim, Kernen im Remstal, Mainz, Bargteheide, Aachen",Governance,Einfache Umsetzung,placeholder
41,Werden alle Beschlüsse der Kommune auf ihre Auswirkungen auf das Klima hin geprüft (Klimarelevanzprüfung),2,No city,Governance,Akzeptanzförderung,placeholder
42,"Ist Klimaschutz als Schnittstellenthema verankert, z.B.: in anderen kommunalen Konzepten?",2,"Bargteheide, Aachen, Hansestadt Lüneburg",Governance,Akzeptanzförderung,placeholder
43,"Gibt es strukturierte Möglichkeiten der Mitbestimmung der Zivilgesellschaft z.B. als Klimarat oder kontinuierlicher Bürgerbeteiligung
etc.?",2,"Rüsselsheim, Mainz, Aachen",Governance,Benefits für die Allgemeinheit,placeholder
63,Sektorenübergreifende Konzepte (siehe unten),1,No city,Governance,Akzeptanzförderung,placeholder
64,Richtlinien für allgemeines nachhaltiges Beschaffungswese,1,"Bad Hersfeld, Bargteheide, Aachen, Hansestadt Lüneburg",Governance,Einfache Umsetzung,placeholder
44,"Fördermittelmanagement in der Kommune, das gezielt Fördermittel für die Kommune beantragt",2,Aachen,Finanzierung,Akzeptanzförderung,placeholder
45,"Beschluss, Rücklagen und andere verfügbare Mittel Geldern aus klimaschädlichen Geldanlagen abzuziehen (Divestment)",2,Rüsselsheim,Finanzierung,Wirtschaftlichkeit,placeholder
46,"Fordert die Kommune die ihr zustehende lokale Investitions- und Gewinnbeteiligung an der Energiewende und fließt dieser Gewinn an
die Allgemeinheit zurück?",2,No city,Finanzierung,Benefits für die Allgemeinheit,placeholder
47,Einrichtung eines Klimaschutzfonds,2,"Bargteheide, Aachen, Hansestadt Lüneburg",Finanzierung,Multiplikatoreffekt,placeholder
