title;sector;priority;code;description
Bau von Windenergieanlagen ermöglichen und unterstützen;Strom;3;TOP001;Meistens sind die überkommunalen Regionalverbände für die Ausweisung der Windkraftstandortenzuständig. Jedes Bundesland hat aus dem 2%-Bundesziel eigene Ausbauziele. [NEWLINE]• Kommunen können Windenergieflächen in den Flächennutzungsplänen ausweisen, wenn derRaumordnungsplan das nicht verbietet. Sie können Positivflächen für die Windenergienutzung durch dieBauleitplanung ausweisen und so den Ausbau beschleunigen. [NEWLINE]• Der Gemeinderat kann auf den jeweiligen Regionalverband einwirken, um den Regionalplan für dieWindenergie neu aufzustellen, um regionaler Potenziale (über regionale FNP) auszuweisen.
Bau von PV-Flächenanlagen ermöglichen und unterstützen;Strom;3;TOP002;Die Verwaltung und Kommunalpolitik kann den Ausbau von Freiflächen-PV ermöglichen und beschleunigen: [NEWLINE]• Durchführung einer Solarpotenzialanalyse für Freiflächen-Solaranlagen und Ausweisung vonVorzugsflächen. Durch die Solarpotenzialanalyse wird der Bau beschleunigt, wenn die Bauleitplanungender jeweiligen Anlagen planungsrechtlich Vorrang gegenüber anderen Vorhaben bekommen. Somitentsteht eine Planungssicherheit z.B. ggü. Investoren. [NEWLINE]• Unterschiedliche Finanzierungsmöglichkeiten aufzeigen: Durch die Gründung / Unterstützung vonBürgerEnergiegenossenschaften Gewinn-Beteiligung der Bürger:innen vor Ort ermöglichen [NEWLINE]• Naturverträgliche Gestaltung der Solarparks [NEWLINE]• Kontaktierung und Aktivierung der Eigentümer:innen der Flächen / als Eigentümerin der Freiflächen denAusbau von Freiflächen-PV selbst voran bringen.
Belegung aller Kommunen-eigenen Dachflächen mit PV-Anlagen;Strom;3;TOP003;Die Verwaltung prüft, welche kommunalen Dächer mit PV-Anlagen belegt werden können und verbaut aufallen Potenzialflächen PV-Anlagen. Dazu gehört [NEWLINE]• Prüfpflicht bei Neubau und Sanierung zur Nutzung von PV oder Solarthermie (Gebäude-Energie-Gesetz)und generelle Eignungsprüfung der kommunalen Dachflächen (teils in Bundesländern bereitsverpflichtend) [NEWLINE]• Investitionen in PV-Anlagen, z.B. durch aktive Vermarktung der kommunalen Flächen (Aufbau und Pflegeeines Katasters) bzw. eigene Investitionen, Initiierung von Energiegenossenschaften oder Contracting
Kommune bezieht für alle eigenen Liegenschaften nur noch qualifizierten Ökostrom;Strom;3;TOP004;Die Verwaltung stellt ihren Strombezug zum nächstmöglichen Zeitpunkt auf die Nutzung von qualifiziertemÖkostrom um. [NEWLINE]• Die Kommune schreibt die Strommenge ca. alle 2 – 4 Jahre aus. Mit der nächsten Ausschreibung wirdein Anbieter für (qualifizierten) Ökostrom gesucht. [NEWLINE]• Die ausgewählten Anbieter müssen mindestens folgende Kriterien erfüllen: Neuanlagenquote oderReinvest eines Gewinnanteils in Neuanlagen (beides dient dem Ausbau von EE-Anlagen), kein Einkauf vonfossil erzeugtem Strom.
Förderprogramme für PV-Ausbau;Strom;3;TOP005;Die Kommune legt Förderprogramme für PV-Anlagen auf, die mind. folgende Punkte umfassen: [NEWLINE]• Vorbereitung: Die Einrichtung eines PV-Katasters, um Solarpotenziale im Vorfeld abzuschätzen (oftmalsauf Bundeslandebene schon vorhanden, siehe Quellen) [NEWLINE]• Förderung von PV-Dach-Anlagen für private Haushalte und Unternehmen. Besonders wichtig: Förderungnichtwirtschaftlicher Anlagen(-teile), damit größtmögliche PV-Potenziale genutzt werden [NEWLINE]• Förderung von Mini-PV-Anlagen („Balkonkraftwerken“) [NEWLINE]• Förderung von Mieter:innen-Strom-Projekten [NEWLINE]
Beratungs- und Unterstützungsangebote für Private und Unternehmen;Strom;3;TOP006;Nicht nur die finanzielle Förderung für den Ausbau von Solaranlagen ist wichtig. Private und KMU (kleine undmittlere Unternehmen) brauchen Beratung und Unterstützung bei dem PV-Ausbau: [NEWLINE]• PV-Ausbau-Beratung durch Energiemanagement/ Stadtwerke/ Wirtschaftsförderung, besonders zuFördermitteln [NEWLINE]• Paket-Angebote: PV-Leasing, Heizungsleasing/ Energiecontracting/ Förderabwicklung für Unternehmenetc. [NEWLINE]• Beratung zu Mieter:innen-Strom-Projekten [NEWLINE]• Energieberatung für Unternehmen
100 Prozent qualifizierter Ökostrom als Angebot der Stadtwerke;Strom;2;TOP007;Die Kommune erwirkt als Eigentümerin oder Anteilseignerin die Umstellung des Stromangebots derStadtwerke auf 100 % qualifizierten Ökostrom.
Einrichtung eines kommunalen Energiemanagements;Strom;2;TOP008;Das kommunale Energiemanagement ermöglicht es, den Energieverbrauch in kommunalen Liegenschaftenzu überwachen und strategische Energiesparpläne für den Gebäudebestand zu entwickeln. Diese Maßnahmewird durch die Nationale Klimaschutzinitiative (NKI) gefördert. [NEWLINE]• Die Kommune bestimmt (oder stellt ein) eine:n Energiebeautragte:n [NEWLINE]• Vor Ort muss in den Liegenschaften Einfluss auf den optimierten technischen Anlagenbetrieb genommenwerden (in Schulen, Verwaltungsgebäuden etc.)
Start von wirksamen Kampagnen;Strom;2;TOP009;Die Kommune kann durch verschieden Kampagnen den Ausbau der erneuerbaren Energien und die Rate derenergetischen Sanierung beschleunigen. Dazu zählen z.B. [NEWLINE]• kommunale Teilnahme am „Wattbewerb“ [NEWLINE]• Unterstützung bei Solarparties und Solarselbstbauworkshops (z.B. durch Bereitstellung vonRäumlichkeiten) [NEWLINE]• Fachkräftekampagne zusammen mit IHK/HWK für Beschleunigung Ausbau EE
Unterstützung/ Aufbau von oder Zusammenarbeit mit Energiegenossenschaften;Strom;2;TOP010;Energiegenossenschaften können wichtige Akteure für den Bau und Betrieb von erneuerbaren Strom- undWärmeanlagen sein. Außerdem fördert die (finanzielle) Beteiligung der Bevölkerung die Akzeptanz fürEnergiewendeprojekte. [NEWLINE]• Die Kommune (z.B. in Form der Stadtwerke) kann den Aufbau einer Energiegenossenschaft mit initiieren,begleiten oder bestehende Genossenschaften unterstützen, z.B. bei der Flächensuche und -entwicklung
Bau von Agri-PV ermöglichen und unterstützen;Strom;2;TOP011;• Potenzielle Ausbauflächen identifizieren (kommunale oder private landwirtschaftliche Flächen)• Flächenausweisung ermöglichen bzw. direkt ausweisen (Flächennutzungsplan, Bebauungsplan) zurPrivilegierung des Ausbaus [NEWLINE]• Ausbau unterstützen [NEWLINE]• Informieren [NEWLINE]• Unterstützung bei Bundesförderung [NEWLINE]• Begleitung eines Pilot- oder Forschungsprojekts
Solarpflicht bei Neubau;Strom;2;TOP012;Die Kommune kann über städtebauliche Verträge und im Bebauungsplan für alle Neubauten (Wohn- undNichtwohngebäude) ein Solar-Nutzungsgebot festlegen.Dies kann PV-Module und die Nutzung von Solarthermie umfassen
Wärmeplanung beauftragen bzw. erstellen;Wärme;3;TOP001;Bis Mitte 2026 (>100.000) bzw. 2028 (<100.000) müssen Kommunen eine Wärmeplanung vorlegen. KleinereKommunen wird ein vereinfachtes Verfahren ermöglicht. GEG greift dann, wenn konkrete, gesonderteAusführungsgenehmigung kommt. Oder ab spätestens 2026/28 [NEWLINE]• ab 2035 dürfen keine Emissionen mehr durch die Wärmeerzeugung entstehen [NEWLINE]• betroffene Sektoren mitdenken: [NEWLINE]• gesteigerter Strombedarf (durch große und kleinere Wärmepumpen) muss mitberücksichtigt werdenund erneuerbar sowie lokal/regional erzeugt werden [NEWLINE]• Flankierung mit Maßnahmen im Gebäudebereich nötig: Annahmen über Sanierungsraten müssen inkommunalen Konzepten hinterlegt werden: Wird eine gesteigerte Sanierungsquote durch kommunaleAktivitäten plausibilisiert? [NEWLINE]• nach der Wärmeplanung: Aufteilung und Ausweisung von Wärmeversorgungsgebieten
Dekarbonisierung bestehender Fernwärmenetze und Ausbau grüner Wärmenetze durch Erschließung erneuerbarer Wärmequellen;Wärme;3;TOP002;Umsetzung des kommunalen Wärmeplans durch Umbau bestehender Wärmeproduktion hin zu grüner Wärmeund Erschließung neuer grüner Wärmequellen. [NEWLINE]• Vollständiger Umbau und Ausbau grüner Wärme [NEWLINE]• Harmonisierung von Wärmebedarfen und der Produktion erneuerbarer Wärme (Sanierung mit Wärme Ausund Umbau harmonisieren) [NEWLINE]• in Fernwärmenetzen, v.a. Temperaturreduzierung, hydraulische Optimierung (Schaffung technisUmsetzungvon Effizienzmaßnahmen cher Voraussetzungen für die Nutzung erneuerbarer Energien in den Wärmenetzen)
Umsetzung von Effizienzmaßnahmen in Wärmenetzen (u.a. Temperaturreduzierung, hydraulische Optimierung);Wärme;2;TOP003;Erneuerbar betriebene Wärmenetze haben in der Regel ein niedrigeres Temperaturniveau, weil dieUmweltwärme nicht ähnlich leicht wie fossil erzeugte Wärme genutzt werden kann. Daher müssen dieWärmesysteme so umgebaut werden, dass sie mit niedrigeren Temperauren (< 70 Grad) betrieben werdenkönnen.
Beratung und Motivation zur Verdichtung und Erweiterung von Wärmenetzen in bestehenden Wohngebieten bzw. Anschluss- und Benutzungszwang;Wärme;3;TOP004;"Wärmenetze können effizienter sein als die Umstellung der individuellen Heizung. Daher kann es sinnvoll sein,die Abnahmebasis der Fernwärme zu erhöhen. [NEWLINE]• klare Ziele über Erhöhung der Anschlussquote und Wärmeabnahme [NEWLINE]• Informationsangebot über Stadtwerke bzw. kommunale Kanäle streuen; [NEWLINE]• mit bestehenden kommunalen Beratungsangeboten (Energieberatung, Sanierungskonzepten etc.) verzahnen; [NEWLINE]• Nach §13 Kommunalverfassungsgesetz ist die Festsetzung eines Anschlusszwanges an ein neu zuerrichtendes Nahwärmenetz grundsätzlich auf Basis der Ergebnisse der Quartierskonzepte möglich(Achtung potenziell konfliktive Maßnahme! Achtung vor hohen Wärmekosten für Verbraucher:innen!)"
Energetische Sanierung der kommunalen Liegenschaften und der kommunalen Wohnungsbaugesellschaften;Gebäude;3;TOP001;• Sanierungsfahrplan erstellen und durchführen: [NEWLINE]• Hüllflächen (Außenhaut eines Gebäudes): Zielniveau für Hüllflächensanierung definieren, nachhaltigeBaumaterialien verpflichtend einführen [NEWLINE]• Energie: Wärmeplanung, Heizungssanierung, Nahwärmenetze, PV-Strategie und Heizungstypen abstimmen [NEWLINE]• Priorisierung der Gebäude nach Einsparungspotenzial und Zeitplan festlegen [NEWLINE]• Fördermaßnahmen beantragen: Bundesförderung (Nationale Klimaschutzinitiative), KfW und weitere [NEWLINE]• Allgemeine Planung: Optionen für serielles Sanieren prüfen, Planungspersonal und Budget bereitstellen [NEWLINE]→ Energiemanagement, siehe Informationen zur Maßnahme unter dem Sektor Strom
Beratung von Eigentümer:innen zu Gebäude- und Heizungssanierung;Gebäude;3;TOP002;• Beratung zu energetischer Gebäudesanierung und Heizungstausch von Ein-/ Zwei- oder Mehrfamilienhäusern(Eigentümergemeinschaften) [NEWLINE]• Kostenneutrale Beratung z.B. über Verbraucherzentralen [NEWLINE]• Privatwirtschaftliche Energieberatung fördern [NEWLINE]• Ziele der Beratung: [NEWLINE]• Wärmeleitplanung und PV-Strategie veröffentlichen [NEWLINE]• Quartiersziele und Konzepte kommunizieren [NEWLINE]• Serielles sanieren bewerben und ggf. organisieren [NEWLINE]• Fördermittelberatung (Auswahl): [NEWLINE]• Bundesförderung für effiziente Gebäude bewerben [NEWLINE]• Mittel aus Städtebauförderung z.B. über Ausweisung von Sanierungsgebieten nutzen [NEWLINE]• Städtische Fördermittel, die additiv z.B. zu einer KfW Förderung vergeben werden
Energetische Quartierssanierung;Gebäude;3;TOP003;• Quartierssanierung lenkt den Blick vom Einzelgebäude auf ein Quartier [NEWLINE]• Kommunale und private Gebäude zusammen betrachten [NEWLINE]• Verschiedene Akteure an einen Tisch holen [NEWLINE]• Nutzung von Synergien: [NEWLINE]• Nahwärmenetz planen [NEWLINE]• Abwärme eines Gebäudes (Industrie) zur Heizung eines anderen Gebäudes nutzen [NEWLINE]• Serielles / gebündeltes Sanieren, z.B. viele ähnliche Gebäude auf einmal sanieren und gleichzeitig mit PVModulen ausstatten [NEWLINE]• Umsetzungsschritte / Konzept erarbeiten: [NEWLINE]• Ausgangssituation definieren , Potenziale ableiten [NEWLINE]• Fördermittel beantragen [NEWLINE]• Die ehemalige KfW Förderung für energetische Quartierskonzepte wird derzeit nicht fortgeführt
Kommunales Förderprogramm für energetische Sanierung und erneuerbare Heizungen;Gebäude;3;TOP004;"Förderung: [NEWLINE]• Aufstockende Förderung zur Bundesförderung im BEG (Bundesförderung für effiziente Gebäude); mittels einerRichtlinie wird zusätzliche Förderung nach Vorlage eines staatlichen Förderbescheides ermöglicht (geringerPrüfaufwand): [NEWLINE]• Dämmung der Gebäudehülle / Heizungsoptimierung [NEWLINE]• Heizungstausch mit Fokus auf Wärmepumpe [NEWLINE]• Nutzung nachwachsender Rohstoffe [NEWLINE]• Beispiele für Richtlinien: [NEWLINE]• https://www.neuburg-donau.de/rathaus/aufgaben-und-dienstleistungen/foerderungwaermepumpe_id3302 [NEWLINE]• https://stadt.muenchen.de/infos/foerderprogramm-klimaneutrale-gebaeude.html"
Klimaneutrale Energieversorgung durch Bauleitplanung und städtebauliche Verträge;Gebäude;3;TOP005;Kommunen können die Bauleitplanung und bei der Verabschiedung von städtebaulichen Verträgen mit Investor:innenden Ausbau mit erneuerbaren Energien voran bringen. Dazu gehören z.B. [NEWLINE]• Installationspflicht von PV auf/an Gebäuden, Entwicklung von Solarparks [NEWLINE]• Vorgaben zur Nutzung geeigneter Flächen für Windenergieanlagen innerhalb des Entwicklungsgebiets [NEWLINE]• Festlegung hohe Energieeffizienzstandards im Gebäudebereich [NEWLINE]• Planung und Ausbau von Stromnetzen, Ermöglichung von Speichersystemen und dezentralen [NEWLINE]Energieerzeugungsanlagen inkl. Ausweisung der Flächen dafür [NEWLINE]• Verpflichtung zur Verwendung von Nachhaltigen Baustoffen [NEWLINE]→ Neue Baugebiete müssen im Allgemeinen ihren Energiebedarf aus erneuerbaren Energien decken (Nutzungsrechte)
Ambitionierte Leitlinien für kommunale Neubauten und Sanierung;Gebäude;2;TOP006;• Ambitionierte Leitlinien für Neubauten und Sanierung von kommunalen Gebäuden als verbindlichen Standardfestlegen [NEWLINE]• z.B.: Nullenergiehäuser im Neubau und erhöhter Effizienzhaus-Standard bei Sanierung [NEWLINE]• Baumaterialien nachhaltig und recyclebar [NEWLINE]• Lebenszyklus in der Wirtschaftlichkeitsberechnung einbeziehen (also die Abbruch- und Recyclingkostenmitbetrachten)
Mobilitätsplanung mit Fokus auf Ausbau Rad- und Fußinfrastruktur und ÖPNV-Entwicklung;Verkehr;3;TOP001;Grundlage für eine koordinierte Verkehrswende ist eine gesamtheitliche Mobilitätsplanung, in der der Ausbauvon Fuß- und Radverkehr sowie der Ausbau des ÖPNV inkl. der überregionalen Verkehrsplanung koordiniertwird. Die Planung kümmert sich um die Ermöglichung und Verbesserung der Mobilität bei gleichzeitigerReduktion der Emissionen. Zur Planung gehören auch [NEWLINE]• die Anbindung an und Verzahnung mit Nachbargemeinden und Städten (überregionaler (Pendel-)Verkehr) [NEWLINE]• die Finanzierung der investiven Maßnahmen über den Haushalt (inkl. Maßnahmen zur Erhöhung der Mittel, z.B.über Parkraumbewirtschaftung s.u.)
Einführung von Geschwindigkeitsbegrenzungen;Verkehr;3;TOP002;Die Reduktion der innerstädtischen Höchstgeschwindigkeit kann teilweise von der Kommune auf Tempo 20bzw. 30 reduziert werden. Bei reduziertem Tempo entstehen deutlich weniger Emissionen. [NEWLINE]• Wo möglich: Tempo 20 bzw. 30 Zonen weiträumig ausweisen [NEWLINE]• Beitritt zur bundesweiten Initiative „Lebenswerte Städte durch angemessene Geschwindigkeiten“ für eineflächendeckende Ermöglichung der Tempo-Zonen
Ausbau Radverkehr;Verkehr;3;TOP003;Ausbau Radverkehr als Teil der Mobilitätsplanung. Zu einem konsequenten Radausbau gehören z.B. dieseMaßnahmen: [NEWLINE]• Sicherheit bestehender Radwege erhöhen [NEWLINE]• Ausbau eines sicheren zusammenhängenden Radnetzes und von Radschnellwegen (ggf. auch Kommuneübergreifend) [NEWLINE]• verbesserte und vermehrte Abstellanlagen [NEWLINE]• Aufwertung des Winterdienstes für Radwege [NEWLINE]• Öffnung von Einbahnstraßen für Radverkehr und Einrichtung von Fahrradstraßen (Bevorzugung vorAutoverkehr)
Ausbau und Attraktivierung des ÖPNV-Angebots;Verkehr;3;TOP004;Ausbau ÖPNV als Teil der Mobilitätsplanung. Zu einem konsequenten Ausbau und einer besseren Qualitätgehören z.B. diese Maßnahmen: [NEWLINE]• Streckenausbau des ÖPNV: konsequenter Ausbau kommuneneigener Linien und Einsatz für eineErweiterung des Angebots beim Land bzw. beim regionalen Verkehrsverbund [NEWLINE]• verstärkte und integrierte Taktung des bestehenden ÖPNV: Abstimmung mit regionalem undüberregionalem Mobilitätsangebot [NEWLINE]• Einrichtung und Ausbau von mobility hubs und Sharing Systemen für schnellere Mobilität über MIV hinaus
Einkauf Elektrobusse für den ÖPNV ;Verkehr;3;TOP005;Ausarbeitung eines Elektrifizierungsfahrplans des öffentlichen Bus- und Bahnangebots inkl. etwaigerAkquirierung von Landes- und Bundes-Fördergeldern. Neben der Umstellung auf nichtfossil betriebene Busse(v.a. e-Motoren, ggf. auch Wasserstoff) bedarf es einem zeitigen Ausbau der Ladeinfrastruktur.
Reduktion der Flächen für den Individualverkehr;Verkehr;3;TOP006;Die Verkehrswende gelingt durch die Kombination von sogenannten push- und pull-Maßnahmen. Ohne dieEinschränkung des motorisierten Individualverkehrs wird es nicht gehen. Daher braucht es konsequenteMaßnahmen, um dessen Attraktivität zu reduzieren. Dazu gehört z.B. [NEWLINE]• Einrichtung eines flächendeckendes Parkraummanagements [NEWLINE]• Änderung des Stellplatzschlüssels je Wohneinheit [NEWLINE]• Reduktion des Straßenraums für MIV, z.B. Einrichtung von Einbahnstraßen, Verlagerung von Autospuren zumUmweltverbund verlagern [NEWLINE]• Einrichtung von autofreien bzw. autoarmen Quartieren, z.B. nach dem Superblocks-System oder durch dieEinführung einer Umweltzone
Umstellung kommunaler Fuhrpark und Angebote für Mitarbeiter:innen;Verkehr;3;TOP007;Die Verwaltung sollte Vorbild für andere Akteure der Stadtgesellschaft sein und ihr Mobilitätsverhalten nach denPrinzipien der Verkehrswende – verringern, verlagern, verbessern – umstellen. [NEWLINE]• Verringerung von Dienstfahrten der Verwaltungsmitarbeitenden, z.B. durch Ermöglichung von Home Office [NEWLINE]• Verlagerung von Dienstfahrten auf den Umweltverbund durch Monatstickets für den ÖPNV bzw. betrieblicheNutzung des ÖPNV und Bereitstellung z.B. von e-Bikes und Lastenrädern [NEWLINE]• Verbesserung durch Umstieg der kommunalen Flotte auf e-Mobilität inkl. Umstieg der kommunalen (Tochter-)Angebote wie Abfallfahrzeuge
Unterstützung und Begleitung des betrieblichen Mobilitätsmanagements;Verkehr;2;TOP008;Unternehmen und Arbeitgeber:innen haben großen Einfluss darauf, wie die Angestellten zur Arbeit kommen. DieVerwaltung kann einen umweltfreundlichen Arbeitsweg unterstützen, indem sie die Unternehmen beimbetrieblichen Mobilitätsmanagement unterstützt. Dazu gehört z.B. [NEWLINE]• Erstellung einer Mobilitätsanalyse der Mitarbeiter:innen [NEWLINE]• Definition von Zielen und Maßnahmen und Wirkungstestung [NEWLINE]• Einrichtung von Optionen zum Umstieg bzw. Verkehrsreduktion: Betriebsräder, CarPooling, Jobtickets,Ermöglichung von Home Office etc.
Schaffung von Anreizen für reduzierte PKW-Nutzung;Verkehr;2;TOP009;Das eigene Auto ist und bleibt ein sehr attraktives Verkehrsmittel. Daher kann die Kommune zusätzlich denVerzicht aufs eigene Auto belohnen, z.B. durch [NEWLINE]• eine Abwrackprämie oder Umstiegsprämie auf ÖPNV [NEWLINE]• vergünstigte ÖPNV-Angebote für unterschiedliche einkommensschwache Bevölkerungsgruppen
Ausbau e-Ladestruktur;Verkehr;2;TOP010;Nicht nur der kommunale Verkehr muss elektrifiziert werden. Um einen privaten flächendeckenden Umstieg aufe-Mobilität zu ermöglichen, kann die Kommune den Ausbau der e-Ladestruktur voranbringen. Dazu gehörtz.B. [NEWLINE]• Aufbau öffentlicher Infrastruktur nach Analyse von Potenzialen und Bedarfen [NEWLINE]• Informationskampagne und Serviceangebot der Stadtwerke zu privaten Wallboxen
Umstellung des Verpflegungsangebots in Kantinen mit öffentlicher Trägerschaft;Landwirtschaft;3;TOP001;• Die Kommune kann für Nahrungsmittel bestimmte prozentuale Mindestanteile festlegen, die z.B. ausbiologischer Landwirtschaft stammen müssen. [NEWLINE]• sowohl für den Direkteinkauf als auch für die Vergabe von Catering-Aufträgen. [NEWLINE]• Die öffentliche Gemeinschaftsverpflegung hat einen hohen Versorgungsgrat und daher einen Hebel zurVeränderung der Essroutinen
Aufbau einer Wissensplattform für Landwirt:innen über klimaschonende Praktiken;Landwirtschaft;3;TOP002;• Schaffung einer umfangreichen Wissenssammlung zu klimaschonenden Praktiken in der LW (Düngen,Bodenerosion, etc.) [NEWLINE]• idealerweise konkrete Verknüpfung von neusten Forschungserkenntnissen mit (regionalen)Realerfahrungen [NEWLINE]• Übersetzung der konzentrierten Informationen in umsetzbare Maßnahmen [NEWLINE]• Verzahnung zwischen Wissensangebot und Beratungsangebot (s. nächste Folie)
Beratungs- und Förderangebote zur Umstellung auf ökologische und regenerative Landwirtschaft;Landwirtschaft;3;TOP003;• konkrete Maßnahmenfeststellung und -umsetzungsberatung zur Treibhausgaseinsparung• finanzielle Förderung für die Umsetzung von Projekten gemäß Einsparungspotenzial• Ergänzung zur bisherigen Förderkulisse [NEWLINE]• in Abstimmung mit Landkreis [NEWLINE]• Bereitstellung von Expertise zur Beantragung von Fördermöglichkeiten auf allen Ebenen (EU bis Kommune) [NEWLINE]• wenn vorhanden: Verweis auf Landes- und Landkreisberatungsdienste
Aufbau eines Dialogforums zwischen Landwirtschaft und Stadtgesellschaft;Landwirtschaft;3;TOP004;• Ansprache und Sensibilisierung von Landwirt:innen, Stadtgesellschaft und Entscheidungsträger:innen ausWirtschaft und Verwaltung zu Treibhausgas-Einsparmöglichkeiten in der Landwirtschaft [NEWLINE]• Organisation und Ausrichtung von Kommunikationsforen für Interessierte durch kompetenten Partner(Stiftung, Verein etc.) in Kollaboration mit z.B. Landwirtschaftsamt [NEWLINE]• Inputs und Austausch zu ökologischer bzw. regenerativer Landwirtschaft [NEWLINE]• Vernetzung mit anderen Klimaallianzen aus anderen Sektoren oder aber auf anderer Ebene [NEWLINE]• auf lokales Wissen und Strukturen zurückgreifen, z.B. Ernährungsräte
Ökologische (Weiter-)Erschließung von Pachtflächen;Landwirtschaft;3;TOP005;• Einbeziehung von Ökolandbau bzw. regenerativer Praktiken in Vergabe von landwirtschaftlichenPachtflächen [NEWLINE]• Anpassung der Vergabekriterien kommunaler landwirtschaftlicher Flächen [NEWLINE]• Herantreten an Großverpächter:innen wie bspw. die Kirche (katholische + evangelische Kirche ca. 500.000Hektar)
Kommune fördert urbane Landwirtschaft und zivilgesellschaftliche Initiativen;Landwirtschaft;2;TOP006;• Aktivierung der Stadtgesellschaft zur Sensibilisierung von landwirtschaftlicher Praxis , z.B. durch Umsetzungvon Maßnahmen zur Förderung einer „essbaren Stadt“ (Anlegen öffentlicher Hochbeete, Obststreuwiesenetc.) [NEWLINE]• Förderung von urbanen Gärten und Kampagnen [NEWLINE]• Kombination mit Sichtbarmachung von regionalen bäuerlichen Strukturen möglich: Unterstützung von z.B.Regionalläden
Aufforstung als Klimawald ermöglichen und unterstützen;LULUCF;3;TOP001;rnaufgabe: Erhaltung und Wiederherstellung von klimaangepassten, multifunktionalen Wäldern zum Ausbaus Senkenpotentials. [NEWLINE]ldmanagement durch Förster:innen in kommunalen Forstbetrieben [NEWLINE]Waldumbau hin zu klimaresilienten Mischwäldern [NEWLINE]Analyse des Baum- und Walbestands in Absprache mit unterer Forstbehörde [NEWLINE]rmittlung und Koordination durch Kommune zum Waldumbau [NEWLINE]Stellenschaffung für Umwelt- und Naturschutzangelegenheiten [NEWLINE]Beantragen von Fördermitteln durch die Kommune (z.B. Förderrichtlinie für Natürlichen Klimaschutz inmmunalen Gebieten im ländlichen Raum) [NEWLINE]Regelmäßige Gesprächsrunde mit Nachbarkommunen oder innerhalb des Landkreises [NEWLINE]Koordination von Flächentausch und Flächenkauf (als technische Maßnahme oder als Tauschflächen) [NEWLINE]Nutzung von Landschafts- und Flächennutzungsplänen [NEWLINE]Einbeziehen der Zivilgesellschaft [NEWLINE]
Unterstützung bei der Wiedervernässung von Mooren und organischen Böden;LULUCF;3;TOP002;Koordinierende Rolle der Kommune: Koordination von Flächentausch und Flächenkauf, z.B. über [NEWLINE]• Stellenschaffung: Klima- und Moorschutzmannager:innen [NEWLINE]• Beantragen von Fördermitteln durch die Kommune (z.B. Förderrichtlinie für Natürlichen Klimaschutz inkommunalen Gebieten im ländlichen Raum) [NEWLINE]• Einbindung von Behörden, v.a. untere Wasser-, Naturschutz, und Forstbehörde als wichtigste Behörde undLandrät:innen [NEWLINE]• Gutachten in Auftrag geben, Fortbildungen anbieten, Handreichungen entwickeln [NEWLINE]Förderung von Paludikultur [NEWLINE]• Schaffung von Kooperationsstrukturen zwischen Landwirtschaft, Produktentwicklung, Produktvermarktung,Tourismus und Naturschutz [NEWLINE]• Einbindung der Bevölkerung auf Grund von Veränderungen der Landschaft [NEWLINE]Kooperation mit Landes- und Entwicklungsgesellschaften [NEWLINE]• Aufkauf und Vermittlung von landwirtschaftlich genutzter Fläche > Flächenpool
Flächenschonende Stadtentwicklung;LULUCF;3;TOP003;Nutzung formelle und informelle Instrumente der Stadtplanung [NEWLINE]• Die Flächenneuinanspruchnahme kann sehr gut im Rahmen der Bauleitplanung beeinflusst werden. Das BauGBbildet dabei die Grundlage, dort werden die formellen städteplanerischen Instrumente festgelegt. [NEWLINE]• Entwicklung von städtebaulichen Entwicklungskonzepten zur Flächensparpolitik [NEWLINE]Verhinderung von Versiegelung über städteplanerische Instrumente, z.B. [NEWLINE]• keine Ausweitung von neuen Siedlungs- und Vehrkehrsflächen (insbesondere im Außenbereich) [NEWLINE]• Beeinflussung baulicher Dichte, Nachverdichtung (Umbau/ Ausbau des Dachgeschosses oder Ausbauten imBestand) [NEWLINE]• städtebauliche Verträge mit privaten Investoren od. Bauherren für positive Stadtentwicklung (bspw. Umbau vonParkfläche zu multifunktionalen Grünzonen) [NEWLINE]• konsequente Umsetzung von Ausgleichsfläche in BLP
Schaffung von Biotopverbünden;LULUCF;2;TOP004;• Konkrete Umsetzung und Sicherung der landesweiten Biotopverbundkonzepte: Ausgestaltung derüberregionalen Planungsinstrumente (v.a. Landschaftsrahmenplan) auf lokaler Ebene sowie derenIntegration in die kommunale Planung. [NEWLINE]• Durchführung aktueller Erhebungen, v.a. Biotopkartierungen, Artenschutzprogramme undManagementplanungen in FFH-Gebieten zur Identifikation und Priorisierung naturschutzfachlichbedeutsamer Arten und Lebensräume. [NEWLINE]• Entwicklung und Implementierung konkreter Maßnahmen: Basierend auf den erhobenen Daten müssenMaßnahmen zur Verbesserung der Landschaftsdurchlässigkeit sowie zur Aufwertung und Entwicklung neuerHabitate und Lebensräume umgesetzt werden.
Beschluss Baumschutzkonzept;LULUCF;2;TOP005;Baumschutzkonzepte sollen helfen, den Baumbestand zu schützen und auszubauen. Intakte Bäume spielen einewesentliche Rolle bei der Bindung von Kohlenstoff, der Reduktion des städtischen Wärmeinseleffekts und derVerbesserung der Luftqualität. [NEWLINE]Viele städtische Bäume sind jedoch in einem schlechten Zustand, leiden z.B. an Hitzestress. [NEWLINE]Ein Baumschutzkonzept analysiert den Bestand und definiert Ausbaupfade. Gleichzeitig enthält er Maßnahmenzum akuten Baumschutz.
Energieautarker Betrieb der Kläranlagen;Abfallwirtschaft;3;TOP001;Kommunen können den Betrieb von Kläranlagen auf vielseitige Weise energetisch optimieren: [NEWLINE]• Energieeffizienz: Reduktion des Energieverbrauchs durch effizientere Technologien undProzessoptimierung. [NEWLINE]• Erneuerbare Energien: Installation von Solaranlagen zur Stromerzeugung [NEWLINE]• Biogasproduktion: Gewinnung von Biogas durch anaerobe Behandlung von Klärschlamm, das zur Stromund Wärmeerzeugung genutzt wird. [NEWLINE]• Wärmerückgewinnung: Verwendung der bei der Abwasserbehandlung entstehenden Abwärme.Für die Aktivitäten können Kommunen Fördergelder des Bundes beantragen.
Optimierte Deponieerfassung;Abfallwirtschaft;3;TOP002;Deponiegas, bestehend aus Methan (CH4) und Kohlenstoffdioxid (CO2), entsteht hauptsächlich durch denAbbau von organischen Inhaltsstoffen im Abfall bzw. Hausmüll. [NEWLINE]Die Ausgasung erstreckt sich über viele Jahre. Kommunen können über unterschiedliche öffentlich geförderteMaßnahmen wie Gasreinigung und -aufbereitung oder eine verbesserte Fassung und Behandlung der Gase, dieEmissionen deutlich reduzieren.
Verbesserte Nutzung von Grünschnitt und Bioabfall zur Erzeugung von erneuerbaren Energien und bei der Abfallbehandlung;Abfallwirtschaft;3;TOP003;Je nachdem wie effizient die in der Biomasse gespeicherte Energie im Abfall genutzt wird, trägt dieBioabfallbehandlung mehr oder weniger zum Klimaschutz bei. [NEWLINE]• > 50% der Bioabfälle werden derzeit einfach kompostiert, wobei die enthaltene Energie nicht genutzt wird [NEWLINE]• die Kommunen sollten den Anteil der Vergärung durch Biogasgewinnung erhöhen, v.a. für Bioabfälle ausHaushalten
Herstellung von Pflanzenkohle durch Pyrolyse;Abfallwirtschaft;3;TOP004;Bei der Pyrolyse werden Grünabfälle wie Gartenabfälle, Holzreste etc. verkohlt. Der Kohlenstoff wird dabeilangfristig in der Biomasse gespeichert und fungiert so als Kohlenstoffsenke. Gleichzeitig kann die bei derVerkohlung entstehende Wärme z.B. für ein Wärmenetz genutzt werden. [NEWLINE]• Kommunaler und privater Grünschnitt kann für die Herstellung von Pflanzenkohle gesammelt werden. Dafürmuss im ersten Schritt eine Bestandsaufnahme (Monitoring) der kommunal verfügbaren Biomasse-Abfälleerfolgen. [NEWLINE]• Die Kommune kann gemeinsam mit dem Abfallbetrieb den Aufbau einer Pyrolyseanlage prüfen, ggf. eignetsich auch eine Anlage auf Landkreisebene. [NEWLINE]• Die Pflanzenkohle kann im Stadtgebiet als Dünger eingesetzt werden, sie eignet sich außerdem zurSpeicherung von Wasser und Nährstoffen.
Aufbau lokaler Klimaschutz-Allianzen;Industrie/Wirtschaft;3;TOP001;• Lokales Unternehmensnetzwerk von Unternehmen zum Thema Klimaschutz gründen, z.B. Unternehmensnetzwerkfür Klimaneutralität 2030. [NEWLINE]• Durch gute lokale Vernetzung werden Potentiale sichtbar, die Unternehmen gemeinsam heben können (z.B. kanndie Abwärme des einen Betriebs im anderen Betrieb genutzt werden, etc.) [NEWLINE]• Austausch über korrekte CO2 Bilanzierung und Tools für Monitoring [NEWLINE]• Gemeinsame Lobbyarbeit: Was brauchen die Unternehmen vom Stadtrat / Gemeinderat, damit Sie klimaneutralwerden können? [NEWLINE]• Auch eine vertrauliche Runde, in der Unternehmensvertreter sich vertraulich austauschen können, kann hilfreichsein (Beispiel Mannheim)
Energieverbrauch kommunaler Krankenhäuser (oder anderer kommunaler Liegenschaften) senken;Industrie/Wirtschaft;3;TOP002;• Krankenhäuser werden teilweise von den Kommunen selbst betrieben, die Kommune und die entsprechendeVerwaltung hat hier großen Einfluss und Gestaltungsspielraum. [NEWLINE]• Klimaschutzmanagement und Energiemanagement einführen, damit relevante Maßnahmen erkannt und priorisiertwerden können [NEWLINE]• Energieverbrauch senken durch effizientere Geräte (z.B. Waschmaschinen und Wäschetrockner),Gebäudemodernisierung (Dämmung) oder intelligentere Steuerungen (Lichter und andere Geräte ausschalten)
Koordinierte Beratung für Unternehmen und Industrie;Industrie/Wirtschaft;3;TOP003;"• Eine von der Kommune angebotene ""offizielle"" Energieberatung genießt ein hohes Vertrauen in Industrie undBetrieben [NEWLINE]• Energieberatung gezielt für Unternehmen anbieten [NEWLINE]• Auf entsprechende Fördermöglichkeiten aus Bundesmitteln hinweisen/ diese konsequent nutzen [NEWLINE]• Bildungsarbeit leisten, um Hemmnisse für Investitionen in Energiesparmaßnahmen und Klimaschutzmaßnahmen zureduzieren"
Kreislaufwirtschaft und nachhaltige Baustoffe im Baubereich;Industrie/Wirtschaft;2;TOP004;Der Bausektor gehört zu den ressourcenintensivsten Wirtschaftssektoren: 2018 fielen etwa 219 Millionen TonnenBauabfälle an – und machten damit mehr als die Hälfte des Gesamtabfallaufkommens in Deutschland aus. [NEWLINE]• Anpassung kommunaler Vergabeverfahren [NEWLINE]• Einführung ökologischer Richtlinien für Baustoffe [NEWLINE]• Dokumentation der Lebenszyklen von in Gebäuden verbauten Materialien bei großen öffentlichenNeubauvorhaben und bei selektivem Rückbau, zum Beispiel in einem Gebäudepass
Einrichtung von Materiallagern und Bauteilkatalogen für gebrauchte Bauteile;Industrie/Wirtschaft;2;TOP005;Der Bausektor gehört zu den ressourcenintensivsten Wirtschaftssektoren: 2018 fielen etwa 219 Millionen TonnenBauabfälle an – und machten damit mehr als die Hälfte des Gesamtabfallaufkommens in Deutschland aus. [NEWLINE]• Einrichtung von Materiallagern und Bauteilkatalogen für gebrauchte Bauteile (aus dem Bausektor) [NEWLINE]• Kommune richtet Lager für Stahlträger etc. ein [NEWLINE]• Durch wiederholtes einsetzen der Bauteile werden Ressourcen und Emissionen gespart [NEWLINE]• Bauteile, die normal neu produziert werden müssten, können wiederverwendet werden
